Produto; Preço ;Tipo;Tecnologia;Família;IR
PR GOLD DESIGN IA 1.50; R$ 10.136 ;Progressivo;Incolor;Linha IA;1.50
PR GOLD DESIGN IA 1.50 BLUE; R$ 10.668 ;Progressivo;Bluecut;Linha IA;1.50
PR GOLD DESIGN IA 1.50 SENSE; R$ 9.348 ;Progressivo;Fotossensível;Linha IA;1.50
PR GOLD DESIGN IA 1.50 TRANSITIONS; R$ 11.788 ;Progressivo;Transitions;Linha IA;1.50
PR GOLD DESIGN IA 1.50 TRANSITIONS AMBAR; R$ 11.788 ;Progressivo;Transitions;Linha IA;1.50
PR GOLD DESIGN IA 1.50 TRANSITIONS AMETHYST; R$ 11.788 ;Progressivo;Transitions;Linha IA;1.50
PR GOLD DESIGN IA 1.50 TRANSITIONS BROWN; R$ 11.788 ;Progressivo;Transitions;Linha IA;1.50
PR GOLD DESIGN IA 1.50 TRANSITIONS EMERALD; R$ 11.788 ;Progressivo;Transitions;Linha IA;1.50
PR GOLD DESIGN IA 1.50 TRANSITIONS GREEN; R$ 11.788 ;Progressivo;Transitions;Linha IA;1.50
PR GOLD DESIGN IA 1.50 TRANSITIONS RUBY; R$ 11.788 ;Progressivo;Transitions;Linha IA;1.50
PR GOLD DESIGN IA 1.50 TRANSITIONS SAPPHIRE; R$ 11.788 ;Progressivo;Transitions;Linha IA;1.50
PR GOLD DESIGN IA 1.50 TRANSITIONS XTRACTIVE 2.0; R$ 11.788 ;Progressivo;Transitions;Linha IA;1.50
PR GOLD DESIGN IA 1.50 POLARIZADO CINZA; R$ 9.674 ;Progressivo;Polarizado;Linha IA;1.50
PR GOLD DESIGN IA 1.50 POLARIZADO G15; R$ 9.674 ;Progressivo;Polarizado;Linha IA;1.50
PR GOLD DESIGN IA 1.50 POLARIZADO MARROM; R$ 9.674 ;Progressivo;Polarizado;Linha IA;1.50
PR GOLD DESIGN IA 1.59; R$ 10.612 ;Progressivo;Incolor;Linha IA;1.59
PR GOLD DESIGN IA 1.59 BLUE; R$ 10.906 ;Progressivo;Bluecut;Linha IA;1.59
PR GOLD DESIGN IA 1.59 SENSE; R$ 11.550 ;Progressivo;Fotossensível;Linha IA;1.59
PR GOLD DESIGN IA 1.59 TRANSITIONS; R$ 11.724 ;Progressivo;Transitions;Linha IA;1.59
PR GOLD DESIGN IA 1.59 TRANSITIONS AMBAR; R$ 11.724 ;Progressivo;Transitions;Linha IA;1.59
PR GOLD DESIGN IA 1.59 TRANSITIONS AMETHYST; R$ 11.724 ;Progressivo;Transitions;Linha IA;1.59
PR GOLD DESIGN IA 1.59 TRANSITIONS BROWN; R$ 11.724 ;Progressivo;Transitions;Linha IA;1.59
PR GOLD DESIGN IA 1.59 TRANSITIONS EMERALD; R$ 11.724 ;Progressivo;Transitions;Linha IA;1.59
PR GOLD DESIGN IA 1.59 TRANSITIONS GREEN; R$ 11.724 ;Progressivo;Transitions;Linha IA;1.59
PR GOLD DESIGN IA 1.59 TRANSITIONS RUBY; R$ 11.724 ;Progressivo;Transitions;Linha IA;1.59
PR GOLD DESIGN IA 1.59 TRANSITIONS SAPPHIRE; R$ 11.724 ;Progressivo;Transitions;Linha IA;1.59
PR GOLD DESIGN IA 1.59 TRANSITIONS XTRACTIVE 2.0; R$ 11.724 ;Progressivo;Transitions;Linha IA;1.59
PR GOLD DESIGN IA 1.59 POLARIZADO CINZA; R$ 10.530 ;Progressivo;Polarizado;Linha IA;1.59
PR GOLD DESIGN IA 1.59 POLARIZADO G15; R$ 10.530 ;Progressivo;Polarizado;Linha IA;1.59
PR GOLD DESIGN IA 1.59 POLARIZADO MARROM; R$ 10.530 ;Progressivo;Polarizado;Linha IA;1.59
PR GOLD DESIGN IA 1.61; R$ 11.186 ;Progressivo;Incolor;Linha IA;1.61
PR GOLD DESIGN IA 1.61 BLUE; R$ 11.354 ;Progressivo;Bluecut;Linha IA;1.61
PR GOLD DESIGN IA 1.61 SENSE; R$ 11.900 ;Progressivo;Fotossensível;Linha IA;1.61
PR GOLD DESIGN IA 1.67; R$ 12.660 ;Progressivo;Incolor;Linha IA;1.67
PR GOLD DESIGN IA 1.67 BLUE; R$ 12.915 ;Progressivo;Bluecut;Linha IA;1.67
PR GOLD DESIGN IA 1.67 TRANSITIONS; R$ 14.535 ;Progressivo;Transitions;Linha IA;1.67
PR GOLD DESIGN IA 1.74; R$ 13.916 ;Progressivo;Incolor;Linha IA;1.74
PR GOLD DESIGN IA 1.74 BLUE; R$ 14.488 ;Progressivo;Bluecut;Linha IA;1.74
PR GOLD DESIGN IA 1.74 TRANSITIONS; R$ 16.024 ;Progressivo;Transitions;Linha IA;1.74
PR PREMIUM HD IA 1.50; R$ 6.563 ;Progressivo;Incolor;Linha IA;1.50
PR PREMIUM HD IA 1.50 BLUE; R$ 6.920 ;Progressivo;Bluecut;Linha IA;1.50
PR PREMIUM HD IA 1.50 SENSE; R$ 7.414 ;Progressivo;Fotossensível;Linha IA;1.50
PR PREMIUM HD IA 1.50 TRANSITIONS; R$ 8.090 ;Progressivo;Transitions;Linha IA;1.50
PR PREMIUM HD IA 1.50 TRANSITIONS AMBAR; R$ 8.090 ;Progressivo;Transitions;Linha IA;1.50
PR PREMIUM HD IA 1.50 TRANSITIONS AMETHYST; R$ 8.090 ;Progressivo;Transitions;Linha IA;1.50
PR PREMIUM HD IA 1.50 TRANSITIONS BROWN; R$ 8.090 ;Progressivo;Transitions;Linha IA;1.50
PR PREMIUM HD IA 1.50 TRANSITIONS EMERALD; R$ 8.090 ;Progressivo;Transitions;Linha IA;1.50
PR PREMIUM HD IA 1.50 TRANSITIONS GREEN; R$ 8.090 ;Progressivo;Transitions;Linha IA;1.50
PR PREMIUM HD IA 1.50 TRANSITIONS RUBY; R$ 8.090 ;Progressivo;Transitions;Linha IA;1.50
PR PREMIUM HD IA 1.50 TRANSITIONS SAPPHIRE; R$ 8.090 ;Progressivo;Transitions;Linha IA;1.50
PR PREMIUM HD IA 1.50 TRANSITIONS XTRACTIVE 2.0; R$ 8.090 ;Progressivo;Transitions;Linha IA;1.50
PR PREMIUM HD IA 1.50 POLARIZADO CINZA; R$ 6.270 ;Progressivo;Polarizado;Linha IA;1.50
PR PREMIUM HD IA 1.50 POLARIZADO G15; R$ 6.270 ;Progressivo;Polarizado;Linha IA;1.50
PR PREMIUM HD IA 1.50 POLARIZADO MARROM; R$ 6.270 ;Progressivo;Polarizado;Linha IA;1.50
PR PREMIUM HD IA 1.59; R$ 6.888 ;Progressivo;Incolor;Linha IA;1.59
PR PREMIUM HD IA 1.59 BLUE; R$ 7.077 ;Progressivo;Bluecut;Linha IA;1.59
PR PREMIUM HD IA 1.59 SENSE; R$ 7.590 ;Progressivo;Fotossensível;Linha IA;1.59
PR PREMIUM HD IA 1.59 TRANSITIONS; R$ 8.417 ;Progressivo;Transitions;Linha IA;1.59
PR PREMIUM HD IA 1.59 TRANSITIONS AMBAR; R$ 8.417 ;Progressivo;Transitions;Linha IA;1.59
PR PREMIUM HD IA 1.59 TRANSITIONS AMETHYST; R$ 8.417 ;Progressivo;Transitions;Linha IA;1.59
PR PREMIUM HD IA 1.59 TRANSITIONS BROWN; R$ 8.417 ;Progressivo;Transitions;Linha IA;1.59
PR PREMIUM HD IA 1.59 TRANSITIONS EMERALD; R$ 8.417 ;Progressivo;Transitions;Linha IA;1.59
PR PREMIUM HD IA 1.59 TRANSITIONS GREEN; R$ 8.417 ;Progressivo;Transitions;Linha IA;1.59
PR PREMIUM HD IA 1.59 TRANSITIONS RUBY; R$ 8.417 ;Progressivo;Transitions;Linha IA;1.59
PR PREMIUM HD IA 1.59 TRANSITIONS SAPPHIRE; R$ 8.417 ;Progressivo;Transitions;Linha IA;1.59
PR PREMIUM HD IA 1.59 TRANSITIONS XTRACTIVE 2.0; R$ 8.417 ;Progressivo;Transitions;Linha IA;1.59
PR PREMIUM HD IA 1.59 POLARIZADO CINZA; R$ 7.011 ;Progressivo;Polarizado;Linha IA;1.59
PR PREMIUM HD IA 1.59 POLARIZADO G15; R$ 7.011 ;Progressivo;Polarizado;Linha IA;1.59
PR PREMIUM HD IA 1.59 POLARIZADO MARROM; R$ 7.011 ;Progressivo;Polarizado;Linha IA;1.59
PR PREMIUM HD IA 1.61; R$ 8.064 ;Progressivo;Incolor;Linha IA;1.61
PR PREMIUM HD IA 1.61 BLUE; R$ 8.184 ;Progressivo;Bluecut;Linha IA;1.61
PR PREMIUM HD IA 1.61 SENSE; R$ 9.348 ;Progressivo;Fotossensível;Linha IA;1.61
PR PREMIUM HD IA 1.67; R$ 9.477 ;Progressivo;Incolor;Linha IA;1.67
PR PREMIUM HD IA 1.67 BLUE; R$ 9.802 ;Progressivo;Bluecut;Linha IA;1.67
PR PREMIUM HD IA 1.67 TRANSITIONS; R$ 11.130 ;Progressivo;Transitions;Linha IA;1.67
PR PREMIUM HD IA 1.74; R$ 11.556 ;Progressivo;Incolor;Linha IA;1.74
PR PREMIUM HD IA 1.74 BLUE; R$ 12.408 ;Progressivo;Bluecut;Linha IA;1.74
PR PREMIUM HD IA 1.74 TRANSITIONS; R$ 12.961 ;Progressivo;Transitions;Linha IA;1.74
PR TECNO LINE IA 1.50; R$ 5.975 ;Progressivo;Incolor;Linha IA;1.50
PR TECNO LINE IA 1.50 BLUE; R$ 6.321 ;Progressivo;Bluecut;Linha IA;1.50
PR TECNO LINE IA 1.50 SENSE; R$ 6.479 ;Progressivo;Fotossensível;Linha IA;1.50
PR TECNO LINE IA 1.50 TRANSITIONS; R$ 7.900 ;Progressivo;Transitions;Linha IA;1.50
PR TECNO LINE IA 1.50 TRANSITIONS AMBAR; R$ 7.900 ;Progressivo;Transitions;Linha IA;1.50
PR TECNO LINE IA 1.50 TRANSITIONS AMETHYST; R$ 7.900 ;Progressivo;Transitions;Linha IA;1.50
PR TECNO LINE IA 1.50 TRANSITIONS BROWN; R$ 7.900 ;Progressivo;Transitions;Linha IA;1.50
PR TECNO LINE IA 1.50 TRANSITIONS EMERALD; R$ 7.900 ;Progressivo;Transitions;Linha IA;1.50
PR TECNO LINE IA 1.50 TRANSITIONS GREEN; R$ 7.900 ;Progressivo;Transitions;Linha IA;1.50
PR TECNO LINE IA 1.50 TRANSITIONS RUBY; R$ 7.900 ;Progressivo;Transitions;Linha IA;1.50
PR TECNO LINE IA 1.50 TRANSITIONS SAPPHIRE; R$ 7.900 ;Progressivo;Transitions;Linha IA;1.50
PR TECNO LINE IA 1.50 TRANSITIONS XTRACTIVE 2.0; R$ 7.900 ;Progressivo;Transitions;Linha IA;1.50
PR TECNO LINE IA 1.50 POLARIZADO CINZA; R$ 5.862 ;Progressivo;Polarizado;Linha IA;1.50
PR TECNO LINE IA 1.50 POLARIZADO G15; R$ 5.862 ;Progressivo;Polarizado;Linha IA;1.50
PR TECNO LINE IA 1.50 POLARIZADO MARROM; R$ 5.862 ;Progressivo;Polarizado;Linha IA;1.50
PR TECNO LINE IA 1.59; R$ 6.589 ;Progressivo;Incolor;Linha IA;1.59
PR TECNO LINE IA 1.59 BLUE; R$ 6.787 ;Progressivo;Bluecut;Linha IA;1.59
PR TECNO LINE IA 1.59 SENSE; R$ 7.380 ;Progressivo;Fotossensível;Linha IA;1.59
PR TECNO LINE IA 1.59 TRANSITIONS; R$ 8.142 ;Progressivo;Transitions;Linha IA;1.59
PR TECNO LINE IA 1.59 TRANSITIONS AMBAR; R$ 8.142 ;Progressivo;Transitions;Linha IA;1.59
PR TECNO LINE IA 1.59 TRANSITIONS AMETHYST; R$ 8.142 ;Progressivo;Transitions;Linha IA;1.59
PR TECNO LINE IA 1.59 TRANSITIONS BROWN; R$ 8.142 ;Progressivo;Transitions;Linha IA;1.59
PR TECNO LINE IA 1.59 TRANSITIONS EMERALD; R$ 8.142 ;Progressivo;Transitions;Linha IA;1.59
PR TECNO LINE IA 1.59 TRANSITIONS GREEN; R$ 8.142 ;Progressivo;Transitions;Linha IA;1.59
PR TECNO LINE IA 1.59 TRANSITIONS RUBY; R$ 8.142 ;Progressivo;Transitions;Linha IA;1.59
PR TECNO LINE IA 1.59 TRANSITIONS SAPPHIRE; R$ 8.142 ;Progressivo;Transitions;Linha IA;1.59
PR TECNO LINE IA 1.59 TRANSITIONS XTRACTIVE 2.0; R$ 8.142 ;Progressivo;Transitions;Linha IA;1.59
PR TECNO LINE IA 1.59 POLARIZADO CINZA; R$ 6.231 ;Progressivo;Polarizado;Linha IA;1.59
PR TECNO LINE IA 1.59 POLARIZADO G15; R$ 6.231 ;Progressivo;Polarizado;Linha IA;1.59
PR TECNO LINE IA 1.59 POLARIZADO MARROM; R$ 6.231 ;Progressivo;Polarizado;Linha IA;1.59
PR TECNO LINE IA 1.61; R$ 6.853 ;Progressivo;Incolor;Linha IA;1.61
PR TECNO LINE IA 1.61 BLUE; R$ 6.963 ;Progressivo;Bluecut;Linha IA;1.61
PR TECNO LINE IA 1.61 SENSE; R$ 8.019 ;Progressivo;Fotossensível;Linha IA;1.61
PR TECNO LINE IA 1.67; R$ 9.492 ;Progressivo;Incolor;Linha IA;1.67
PR TECNO LINE IA 1.67 BLUE; R$ 9.842 ;Progressivo;Bluecut;Linha IA;1.67
PR TECNO LINE IA 1.67 TRANSITIONS; R$ 11.190 ;Progressivo;Transitions;Linha IA;1.67
PR TECNO LINE IA 1.74; R$ 10.956 ;Progressivo;Incolor;Linha IA;1.74
PR TECNO LINE IA 1.74 BLUE; R$ 11.803 ;Progressivo;Bluecut;Linha IA;1.74
PR TECNO LINE IA 1.74 TRANSITIONS; R$ 12.825 ;Progressivo;Transitions;Linha IA;1.74
PR GOLD DESIGN 1.50; R$ 4.525 ;Progressivo;Incolor;Linha Tradicional;1.50
PR GOLD DESIGN 1.56 BLUE; R$ 4.693 ;Progressivo;Bluecut;Linha Tradicional;1.56
PR GOLD DESIGN 1.50 PHOTO; R$ 5.645 ;Progressivo;Fotossensível;Linha Tradicional;1.50
PR GOLD DESIGN 1.50 TRANSITIONS; R$ 6.109 ;Progressivo;Transitions;Linha Tradicional;1.50
PR GOLD DESIGN 1.50 TRANSITIONS AMBAR; R$ 6.109 ;Progressivo;Transitions;Linha Tradicional;1.50
PR GOLD DESIGN 1.50 TRANSITIONS AMETHYST; R$ 6.109 ;Progressivo;Transitions;Linha Tradicional;1.50
PR GOLD DESIGN 1.50 TRANSITIONS BROWN; R$ 6.109 ;Progressivo;Transitions;Linha Tradicional;1.50
PR GOLD DESIGN 1.50 TRANSITIONS EMERALD; R$ 6.109 ;Progressivo;Transitions;Linha Tradicional;1.50
PR GOLD DESIGN 1.50 TRANSITIONS GREEN; R$ 6.109 ;Progressivo;Transitions;Linha Tradicional;1.50
PR GOLD DESIGN 1.50 TRANSITIONS RUBY; R$ 6.109 ;Progressivo;Transitions;Linha Tradicional;1.50
PR GOLD DESIGN 1.50 TRANSITIONS SAPPHIRE; R$ 6.109 ;Progressivo;Transitions;Linha Tradicional;1.50
PR GOLD DESIGN 1.50 TRANSITIONS XTRACTIVE 2.0; R$ 6.109 ;Progressivo;Transitions;Linha Tradicional;1.50
PR GOLD DESIGN 1.50 POLARIZADO CINZA; R$ 4.104 ;Progressivo;Polarizado;Linha Tradicional;1.50
PR GOLD DESIGN 1.50 POLARIZADO G15; R$ 4.104 ;Progressivo;Polarizado;Linha Tradicional;1.50
PR GOLD DESIGN 1.50 POLARIZADO MARROM; R$ 4.104 ;Progressivo;Polarizado;Linha Tradicional;1.50
PR GOLD DESIGN POLY; R$ 4.973 ;Progressivo;Incolor;Linha Tradicional;1.59
PR GOLD DESIGN POLY BLUE; R$ 5.029 ;Progressivo;Bluecut;Linha Tradicional;1.59
PR GOLD DESIGN POLY PHOTO; R$ 6.326 ;Progressivo;Fotossensível;Linha Tradicional;1.59
PR GOLD DESIGN POLY TRANSITIONS; R$ 6.545 ;Progressivo;Transitions;Linha Tradicional;1.59
PR GOLD DESIGN 1.59 TRANSITIONS AMBAR; R$ 6.545 ;Progressivo;Transitions;Linha Tradicional;1.59
PR GOLD DESIGN 1.59 TRANSITIONS AMETHYST; R$ 6.545 ;Progressivo;Transitions;Linha Tradicional;1.59
PR GOLD DESIGN 1.59 TRANSITIONS BROWN; R$ 6.545 ;Progressivo;Transitions;Linha Tradicional;1.59
PR GOLD DESIGN 1.59 TRANSITIONS EMERALD; R$ 6.545 ;Progressivo;Transitions;Linha Tradicional;1.59
PR GOLD DESIGN 1.59 TRANSITIONS GREEN; R$ 6.545 ;Progressivo;Transitions;Linha Tradicional;1.59
PR GOLD DESIGN 1.59 TRANSITIONS RUBY; R$ 6.545 ;Progressivo;Transitions;Linha Tradicional;1.59
PR GOLD DESIGN 1.59 TRANSITIONS SAPPHIRE; R$ 6.545 ;Progressivo;Transitions;Linha Tradicional;1.59
PR GOLD DESIGN 1.59 TRANSITIONS XTRACTIVE 2.0; R$ 6.545 ;Progressivo;Transitions;Linha Tradicional;1.59
PR GOLD DESIGN POLY POLARIZADO CINZA; R$ 4.955 ;Progressivo;Polarizado;Linha Tradicional;1.59
PR GOLD DESIGN POLY POLARIZADO G15; R$ 4.955 ;Progressivo;Polarizado;Linha Tradicional;1.59
PR GOLD DESIGN POLY POLARIZADO MARROM; R$ 4.955 ;Progressivo;Polarizado;Linha Tradicional;1.59
PR GOLD DESIGN 1.61; R$ 4.683 ;Progressivo;Incolor;Linha Tradicional;1.61
PR GOLD DESIGN 1.61 BLUE; R$ 5.072 ;Progressivo;Bluecut;Linha Tradicional;1.61
PR GOLD DESIGN 1.61 PHOTO; R$ 7.035 ;Progressivo;Fotossensível;Linha Tradicional;1.61
PR GOLD DESIGN 1.67; R$ 7.694 ;Progressivo;Incolor;Linha Tradicional;1.67
PR GOLD DESIGN 1.67 BLUE; R$ 7.798 ;Progressivo;Bluecut;Linha Tradicional;1.67
PR GOLD DESIGN 1.67 PHOTO; R$ 7.974 ;Progressivo;Fotossensível;Linha Tradicional;1.67
PR GOLD DESIGN 1.67 TRANSITIONS; R$ 9.112 ;Progressivo;Transitions;Linha Tradicional;1.67
PR GOLD DESIGN 1.74; R$ 9.273 ;Progressivo;Incolor;Linha Tradicional;1.74
PR GOLD DESIGN 1.74 BLUE; R$ 9.941 ;Progressivo;Bluecut;Linha Tradicional;1.74
PR GOLD DESIGN 1.74 TRANSITIONS; R$ 10.489 ;Progressivo;Transitions;Linha Tradicional;1.74
PR PREMIUM HD 1.50; R$ 2.523 ;Progressivo;Incolor;Linha Tradicional;1.50
PR PREMIUM HD 1.56 BLUE; R$ 2.860 ;Progressivo;Bluecut;Linha Tradicional;1.56
PR PREMIUM HD 1.50 PHOTO; R$ 3.713 ;Progressivo;Fotossensível;Linha Tradicional;1.50
PR PREMIUM HD 1.50 TRANSITIONS; R$ 3.658 ;Progressivo;Transitions;Linha Tradicional;1.50
PR PREMIUM HD 1.50 TRANSITIONS AMBAR; R$ 3.658 ;Progressivo;Transitions;Linha Tradicional;1.50
PR PREMIUM HD 1.50 TRANSITIONS AMETHYST; R$ 3.658 ;Progressivo;Transitions;Linha Tradicional;1.50
PR PREMIUM HD 1.50 TRANSITIONS BROWN; R$ 3.658 ;Progressivo;Transitions;Linha Tradicional;1.50
PR PREMIUM HD 1.50 TRANSITIONS EMERALD; R$ 3.658 ;Progressivo;Transitions;Linha Tradicional;1.50
PR PREMIUM HD 1.50 TRANSITIONS GREEN; R$ 3.658 ;Progressivo;Transitions;Linha Tradicional;1.50
PR PREMIUM HD 1.50 TRANSITIONS RUBY; R$ 3.658 ;Progressivo;Transitions;Linha Tradicional;1.50
PR PREMIUM HD 1.50 TRANSITIONS SAPPHIRE; R$ 3.658 ;Progressivo;Transitions;Linha Tradicional;1.50
PR PREMIUM HD 1.50 TRANSITIONS XTRACTIVE 2.0; R$ 3.658 ;Progressivo;Transitions;Linha Tradicional;1.50
PR PREMIUM HD 1.50 POLARIZADO CINZA; R$ 2.246 ;Progressivo;Polarizado;Linha Tradicional;1.50
PR PREMIUM HD 1.50 POLARIZADO G15; R$ 2.246 ;Progressivo;Polarizado;Linha Tradicional;1.50
PR PREMIUM HD 1.50 POLARIZADO MARROM; R$ 2.246 ;Progressivo;Polarizado;Linha Tradicional;1.50
PR PREMIUM HD POLY; R$ 3.024 ;Progressivo;Incolor;Linha Tradicional;1.59
PR PREMIUM HD POLY BLUE; R$ 3.084 ;Progressivo;Bluecut;Linha Tradicional;1.59
PR PREMIUM HD POLY PHOTO; R$ 3.090 ;Progressivo;Fotossensível;Linha Tradicional;1.59
PR PREMIUM HD POLY TRANSITIONS; R$ 4.020 ;Progressivo;Transitions;Linha Tradicional;1.59
PR PREMIUM HD 1.59 TRANSITIONS AMBAR; R$ 4.020 ;Progressivo;Transitions;Linha Tradicional;1.59
PR PREMIUM HD 1.59 TRANSITIONS AMETHYST; R$ 4.020 ;Progressivo;Transitions;Linha Tradicional;1.59
PR PREMIUM HD 1.59 TRANSITIONS BROWN; R$ 4.020 ;Progressivo;Transitions;Linha Tradicional;1.59
PR PREMIUM HD 1.59 TRANSITIONS EMERALD; R$ 4.020 ;Progressivo;Transitions;Linha Tradicional;1.59
PR PREMIUM HD 1.59 TRANSITIONS GREEN; R$ 4.020 ;Progressivo;Transitions;Linha Tradicional;1.59
PR PREMIUM HD 1.59 TRANSITIONS RUBY; R$ 4.020 ;Progressivo;Transitions;Linha Tradicional;1.59
PR PREMIUM HD 1.59 TRANSITIONS SAPPHIRE; R$ 4.020 ;Progressivo;Transitions;Linha Tradicional;1.59
PR PREMIUM HD 1.59 TRANSITIONS XTRACTIVE 2.0; R$ 4.020 ;Progressivo;Transitions;Linha Tradicional;1.59
PR PREMIUM HD POLY POLARIZADO CINZA; R$ 2.434 ;Progressivo;Polarizado;Linha Tradicional;1.59
PR PREMIUM HD POLY POLARIZADO G15; R$ 2.434 ;Progressivo;Polarizado;Linha Tradicional;1.59
PR PREMIUM HD POLY POLARIZADO MARROM; R$ 2.434 ;Progressivo;Polarizado;Linha Tradicional;1.59
PR PREMIUM HD 1.61; R$ 4.334 ;Progressivo;Incolor;Linha Tradicional;1.61
PR PREMIUM HD 1.61 BLUE; R$ 4.882 ;Progressivo;Bluecut;Linha Tradicional;1.61
PR PREMIUM HD 1.61 PHOTO; R$ 6.628 ;Progressivo;Fotossensível;Linha Tradicional;1.61
PR PREMIUM HD 1.67; R$ 4.942 ;Progressivo;Incolor;Linha Tradicional;1.67
PR PREMIUM HD 1.67 BLUE; R$ 5.585 ;Progressivo;Bluecut;Linha Tradicional;1.67
PR PREMIUM HD 1.67 PHOTO; R$ 6.044 ;Progressivo;Fotossensível;Linha Tradicional;1.67
PR PREMIUM HD 1.67 TRANSITIONS; R$ 5.566 ;Progressivo;Transitions;Linha Tradicional;1.67
PR PREMIUM HD 1.74; R$ 5.976 ;Progressivo;Incolor;Linha Tradicional;1.74
PR PREMIUM HD 1.74 BLUE; R$ 6.456 ;Progressivo;Bluecut;Linha Tradicional;1.74
PR PREMIUM HD 1.74 TRANSITIONS; R$ 10.005 ;Progressivo;Transitions;Linha Tradicional;1.74
PR TECNO LINE 1.50; R$ 2.172 ;Progressivo;Incolor;Linha Tradicional;1.50
PR TECNO LINE 1.56 BLUE; R$ 2.295 ;Progressivo;Bluecut;Linha Tradicional;1.56
PR TECNO LINE 1.50 PHOTO; R$ 3.177 ;Progressivo;Fotossensível;Linha Tradicional;1.50
PR TECNO LINE 1.50 TRANSITIONS; R$ 4.155 ;Progressivo;Transitions;Linha Tradicional;1.50
PR TECNO LINE 1.50 TRANSITIONS AMBAR; R$ 4.155 ;Progressivo;Transitions;Linha Tradicional;1.50
PR TECNO LINE 1.50 TRANSITIONS AMETHYST; R$ 4.155 ;Progressivo;Transitions;Linha Tradicional;1.50
PR TECNO LINE 1.50 TRANSITIONS BROWN; R$ 4.155 ;Progressivo;Transitions;Linha Tradicional;1.50
PR TECNO LINE 1.50 TRANSITIONS EMERALD; R$ 4.155 ;Progressivo;Transitions;Linha Tradicional;1.50
PR TECNO LINE 1.50 TRANSITIONS GREEN; R$ 4.155 ;Progressivo;Transitions;Linha Tradicional;1.50
PR TECNO LINE 1.50 TRANSITIONS RUBY; R$ 4.155 ;Progressivo;Transitions;Linha Tradicional;1.50
PR TECNO LINE 1.50 TRANSITIONS SAPPHIRE; R$ 4.155 ;Progressivo;Transitions;Linha Tradicional;1.50
PR TECNO LINE 1.50 TRANSITIONS XTRACTIVE 2.0; R$ 4.155 ;Progressivo;Transitions;Linha Tradicional;1.50
PR TECNO LINE 1.50 POLARIZADO CINZA; R$ 3.481 ;Progressivo;Polarizado;Linha Tradicional;1.50
PR TECNO LINE 1.50 POLARIZADO G15; R$ 3.481 ;Progressivo;Polarizado;Linha Tradicional;1.50
PR TECNO LINE 1.50 POLARIZADO MARROM; R$ 3.481 ;Progressivo;Polarizado;Linha Tradicional;1.50
PR TECNO LINE POLY; R$ 2.527 ;Progressivo;Incolor;Linha Tradicional;1.59
PR TECNO LINE POLY BLUE; R$ 2.574 ;Progressivo;Bluecut;Linha Tradicional;1.59
PR TECNO LINE POLY PHOTO; R$ 4.079 ;Progressivo;Fotossensível;Linha Tradicional;1.59
PR TECNO LINE POLY TRANSITIONS; R$ 3.767 ;Progressivo;Transitions;Linha Tradicional;1.59
PR TECNO LINE 1.59 TRANSITIONS AMBAR; R$ 3.767 ;Progressivo;Transitions;Linha Tradicional;1.59
PR TECNO LINE 1.59 TRANSITIONS AMETHYST; R$ 3.767 ;Progressivo;Transitions;Linha Tradicional;1.59
PR TECNO LINE 1.59 TRANSITIONS BROWN; R$ 3.767 ;Progressivo;Transitions;Linha Tradicional;1.59
PR TECNO LINE 1.59 TRANSITIONS EMERALD; R$ 3.767 ;Progressivo;Transitions;Linha Tradicional;1.59
PR TECNO LINE 1.59 TRANSITIONS GREEN; R$ 3.767 ;Progressivo;Transitions;Linha Tradicional;1.59
PR TECNO LINE 1.59 TRANSITIONS RUBY; R$ 3.767 ;Progressivo;Transitions;Linha Tradicional;1.59
PR TECNO LINE 1.59 TRANSITIONS SAPPHIRE; R$ 3.767 ;Progressivo;Transitions;Linha Tradicional;1.59
PR TECNO LINE 1.59 TRANSITIONS XTRACTIVE 2.0; R$ 3.767 ;Progressivo;Transitions;Linha Tradicional;1.59
PR TECNO LINE POLY POLARIZADO CINZA; R$ 2.657 ;Progressivo;Polarizado;Linha Tradicional;1.59
PR TECNO LINE POLY POLARIZADO G15; R$ 2.657 ;Progressivo;Polarizado;Linha Tradicional;1.59
PR TECNO LINE POLY POLARIZADO MARROM; R$ 2.657 ;Progressivo;Polarizado;Linha Tradicional;1.59
PR TECNO LINE 1.61; R$ 2.957 ;Progressivo;Incolor;Linha Tradicional;1.61
PR TECNO LINE 1.61 BLUE; R$ 3.321 ;Progressivo;Bluecut;Linha Tradicional;1.61
PR TECNO LINE 1.61 PHOTO; R$ 4.481 ;Progressivo;Fotossensível;Linha Tradicional;1.61
PR TECNO LINE 1.67; R$ 4.551 ;Progressivo;Incolor;Linha Tradicional;1.67
PR TECNO LINE 1.67 BLUE; R$ 5.544 ;Progressivo;Bluecut;Linha Tradicional;1.67
PR TECNO LINE 1.67 PHOTO; R$ 6.023 ;Progressivo;Fotossensível;Linha Tradicional;1.67
PR TECNO LINE 1.67 TRANSITIONS; R$ 5.802 ;Progressivo;Transitions;Linha Tradicional;1.67
PR TECNO LINE 1.74; R$ 9.006 ;Progressivo;Incolor;Linha Tradicional;1.74
PR TECNO LINE 1.74 BLUE; R$ 9.735 ;Progressivo;Bluecut;Linha Tradicional;1.74
PR TECNO LINE 1.74 TRANSITIONS; R$ 10.005 ;Progressivo;Transitions;Linha Tradicional;1.74
PR MAXVISION 1.50; R$ 1.274 ;Progressivo;Incolor;Linha Tradicional;1.50
PR MAXVISION 1.50 BLUE; R$ 1.372 ;Progressivo;Bluecut;Linha Tradicional;1.50
PR MAXVISION 1.50 PHOTO; R$ 1.901 ;Progressivo;Fotossensível;Linha Tradicional;1.50
PR MAXVISION 1.50 TRANSITIONS; R$ 2.295 ;Progressivo;Transitions;Linha Tradicional;1.50
PR MAXVISION 1.50 ESPELHADO BLUE; R$ 2.048 ;Progressivo;Espelhado;Linha Tradicional;1.50
PR MAXVISION 1.50 ESPELHADO ORANGE; R$ 2.048 ;Progressivo;Espelhado;Linha Tradicional;1.50
PR MAXVISION 1.50 ESPELHADO ROSE; R$ 2.048 ;Progressivo;Espelhado;Linha Tradicional;1.50
PR MAXVISION 1.50 ESPELHADO SILVER; R$ 2.048 ;Progressivo;Espelhado;Linha Tradicional;1.50
PR MAXVISION 1.50 POLARIZADO CINZA; R$ 1.827 ;Progressivo;Polarizado;Linha Tradicional;1.50
PR MAXVISION 1.50 POLARIZADO G15; R$ 1.827 ;Progressivo;Polarizado;Linha Tradicional;1.50
PR MAXVISION 1.50 POLARIZADO MARROM; R$ 1.827 ;Progressivo;Polarizado;Linha Tradicional;1.50
PR MAXVISION POLY; R$ 1.562 ;Progressivo;Incolor;Linha Tradicional;1.59
PR MAXVISION POLY BLUE; R$ 1.595 ;Progressivo;Bluecut;Linha Tradicional;1.59
PR MAXVISION POLY PHOTO; R$ 3.696 ;Progressivo;Fotossensível;Linha Tradicional;1.59
PR MAXVISION POLY TRANSITIONS; R$ 2.660 ;Progressivo;Transitions;Linha Tradicional;1.59
PR MAXVISION POLY POLARIZADO CINZA; R$ 1.986 ;Progressivo;Polarizado;Linha Tradicional;1.59
PR MAXVISION POLY POLARIZADO G15; R$ 1.986 ;Progressivo;Polarizado;Linha Tradicional;1.59
PR MAXVISION POLY POLARIZADO MARROM; R$ 1.986 ;Progressivo;Polarizado;Linha Tradicional;1.59
PR MAXVISION 1.61; R$ 2.432 ;Progressivo;Incolor;Linha Tradicional;1.61
PR MAXVISION 1.61 BLUE; R$ 2.747 ;Progressivo;Bluecut;Linha Tradicional;1.61
PR MAXVISION 1.61 PHOTO; R$ 3.458 ;Progressivo;Fotossensível;Linha Tradicional;1.61
PR MAXVISION 1.67; R$ 3.475 ;Progressivo;Incolor;Linha Tradicional;1.67
PR MAXVISION 1.67 BLUE; R$ 3.955 ;Progressivo;Bluecut;Linha Tradicional;1.67
PR MAXVISION 1.67 PHOTO; R$ 5.043 ;Progressivo;Fotossensível;Linha Tradicional;1.67
PR MAXVISION 1.67 TRANSITIONS; R$ 4.586 ;Progressivo;Transitions;Linha Tradicional;1.67
PR MAXVISION 1.74; R$ 5.032 ;Progressivo;Incolor;Linha Tradicional;1.74
PR MAXVISION 1.74 BLUE; R$ 5.440 ;Progressivo;Bluecut;Linha Tradicional;1.74
PR MULTI PREMIUM 1.50; R$ 865 ;Progressivo;Incolor;Linha Tradicional;1.50
PR MULTI PREMIUM 1.56 BLUE; R$ 1.311 ;Progressivo;Bluecut;Linha Tradicional;1.56
PR MULTI PREMIUM 1.50 PHOTO; R$ 1.437 ;Progressivo;Fotossensível;Linha Tradicional;1.50
PR MULTI PREMIUM 1.50 TRANSITIONS; R$ 1.862 ;Progressivo;Transitions;Linha Tradicional;1.50
PR MULTI PREMIUM 1.50 POLARIZADO CINZA; R$ 1.546 ;Progressivo;Polarizado;Linha Tradicional;1.50
PR MULTI PREMIUM 1.50 POLARIZADO G15; R$ 1.546 ;Progressivo;Polarizado;Linha Tradicional;1.50
PR MULTI PREMIUM 1.50 POLARIZADO MARROM; R$ 1.546 ;Progressivo;Polarizado;Linha Tradicional;1.50
PR MULTI PREMIUM POLY; R$ 1.121 ;Progressivo;Incolor;Linha Tradicional;1.59
PR MULTI PREMIUM POLY BLUE; R$ 1.121 ;Progressivo;Bluecut;Linha Tradicional;1.59
PR MULTI PREMIUM POLY PHOTO; R$ 2.015 ;Progressivo;Fotossensível;Linha Tradicional;1.59
PR MULTI PREMIUM POLY TRANSITIONS; R$ 2.313 ;Progressivo;Transitions;Linha Tradicional;1.59
PR MULTI PREMIUM 1.61; R$ 1.824 ;Progressivo;Incolor;Linha Tradicional;1.61
PR MULTI PREMIUM 1.61 BLUE; R$ 1.962 ;Progressivo;Bluecut;Linha Tradicional;1.61
PR MULTI PREMIUM 1.61 PHOTO; R$ 3.087 ;Progressivo;Fotossensível;Linha Tradicional;1.61
PR MULTI PREMIUM 1.67; R$ 2.959 ;Progressivo;Incolor;Linha Tradicional;1.67
PR MULTI PREMIUM 1.67 BLUE; R$ 3.586 ;Progressivo;Bluecut;Linha Tradicional;1.67
PR MULTI PREMIUM 1.67 PHOTO; R$ 4.240 ;Progressivo;Fotossensível;Linha Tradicional;1.67
PR GOLD LINE 1.50; R$ 792 ;Progressivo;Incolor;Linha Tradicional;1.50
PR GOLD LINE 1.56 BLUE; R$ 1.287 ;Progressivo;Bluecut;Linha Tradicional;1.56
PR GOLD LINE 1.50 PHOTO; R$ 1.534 ;Progressivo;Fotossensível;Linha Tradicional;1.50
PR GOLD LINE 1.50 TRANSITIONS; R$ 1.770 ;Progressivo;Transitions;Linha Tradicional;1.50
PR GOLD LINE 1.50 POLARIZADO CINZA; R$ 1.512 ;Progressivo;Polarizado;Linha Tradicional;1.50
PR GOLD LINE 1.50 POLARIZADO G15; R$ 1.512 ;Progressivo;Polarizado;Linha Tradicional;1.50
PR GOLD LINE 1.50 POLARIZADO MARROM; R$ 1.512 ;Progressivo;Polarizado;Linha Tradicional;1.50
PR GOLD LINE POLY; R$ 990 ;Progressivo;Incolor;Linha Tradicional;1.59
PR GOLD LINE POLY BLUE; R$ 1.100 ;Progressivo;Bluecut;Linha Tradicional;1.59
PR GOLD LINE POLY PHOTO; R$ 1.952 ;Progressivo;Fotossensível;Linha Tradicional;1.59
PR GOLD LINE POLY TRANSITIONS; R$ 2.268 ;Progressivo;Transitions;Linha Tradicional;1.59
PR GOLD LINE 1.67; R$ 2.088 ;Progressivo;Incolor;Linha Tradicional;1.67
PR GOLD LINE 1.67 BLUE; R$ 2.593 ;Progressivo;Bluecut;Linha Tradicional;1.67
OC GOLD DESIGN OFFICE IA 1.50 0.80; R$ 3.528 ;Office;Incolor;Linha IA;1.50
OC GOLD DESIGN OFFICE IA 1.50 1.50; R$ 3.528 ;Office;Incolor;Linha IA;1.50
OC GOLD DESIGN OFFICE IA 1.50 3.50; R$ 3.528 ;Office;Incolor;Linha IA;1.50
OC GOLD DESIGN OFFICE IA 1.50 BLUE 0.80; R$ 3.840 ;Office;Bluecut;Linha IA;1.50
OC GOLD DESIGN OFFICE IA 1.50 BLUE 1.50; R$ 3.840 ;Office;Bluecut;Linha IA;1.50
OC GOLD DESIGN OFFICE IA 1.50 BLUE 3.50; R$ 3.840 ;Office;Bluecut;Linha IA;1.50
OC GOLD DESIGN OFFICE IA 1.59 0.80; R$ 4.055 ;Office;Incolor;Linha IA;1.59
OC GOLD DESIGN OFFICE IA 1.59 1.50; R$ 4.055 ;Office;Incolor;Linha IA;1.59
OC GOLD DESIGN OFFICE IA 1.59 3.50; R$ 4.055 ;Office;Incolor;Linha IA;1.59
OC GOLD DESIGN OFFICE IA 1.59 BLUE 0.80; R$ 4.225 ;Office;Bluecut;Linha IA;1.59
OC GOLD DESIGN OFFICE IA 1.59 BLUE 1.50; R$ 4.225 ;Office;Bluecut;Linha IA;1.59
OC GOLD DESIGN OFFICE IA 1.59 BLUE 3.50; R$ 4.225 ;Office;Bluecut;Linha IA;1.59
OC GOLD DESIGN OFFICE IA 1.61 0.80; R$ 4.770 ;Office;Incolor;Linha IA;1.61
OC GOLD DESIGN OFFICE IA 1.61 1.50; R$ 4.770 ;Office;Incolor;Linha IA;1.61
OC GOLD DESIGN OFFICE IA 1.61 3.50; R$ 4.770 ;Office;Incolor;Linha IA;1.61
OC GOLD DESIGN OFFICE IA 1.61 BLUE 0.80; R$ 4.869 ;Office;Bluecut;Linha IA;1.61
OC GOLD DESIGN OFFICE IA 1.61 BLUE 1.50; R$ 4.869 ;Office;Bluecut;Linha IA;1.61
OC GOLD DESIGN OFFICE IA 1.61 BLUE 3.50; R$ 4.869 ;Office;Bluecut;Linha IA;1.61
OC GOLD DESIGN OFFICE IA 1.67 0.80; R$ 6.258 ;Office;Incolor;Linha IA;1.67
OC GOLD DESIGN OFFICE IA 1.67 1.50; R$ 6.258 ;Office;Incolor;Linha IA;1.67
OC GOLD DESIGN OFFICE IA 1.67 3.50; R$ 6.258 ;Office;Incolor;Linha IA;1.67
OC GOLD DESIGN OFFICE IA 1.67 BLUE 0.80; R$ 6.552 ;Office;Bluecut;Linha IA;1.67
OC GOLD DESIGN OFFICE IA 1.67 BLUE 1.50; R$ 6.552 ;Office;Bluecut;Linha IA;1.67
OC GOLD DESIGN OFFICE IA 1.67 BLUE 3.50; R$ 6.552 ;Office;Bluecut;Linha IA;1.67
OC GOLD DESIGN OFFICE IA 1.74 0.80; R$ 7.893 ;Office;Incolor;Linha IA;1.74
OC GOLD DESIGN OFFICE IA 1.74 1.50; R$ 7.893 ;Office;Incolor;Linha IA;1.74
OC GOLD DESIGN OFFICE IA 1.74 3.50; R$ 7.893 ;Office;Incolor;Linha IA;1.74
OC GOLD DESIGN OFFICE IA 1.74 BLUE 0.80; R$ 8.550 ;Office;Bluecut;Linha IA;1.74
OC GOLD DESIGN OFFICE IA 1.74 BLUE 1.50; R$ 8.550 ;Office;Bluecut;Linha IA;1.74
OC GOLD DESIGN OFFICE IA 1.74 BLUE 3.50; R$ 8.550 ;Office;Bluecut;Linha IA;1.74
OC GOLD DESIGN OFFICE 1.50 D0.80; R$ 1.245 ;Office;Incolor;Linha Tradicional;1.50
OC GOLD DESIGN OFFICE 1.50 D1.50; R$ 1.245 ;Office;Incolor;Linha Tradicional;1.50
OC GOLD DESIGN OFFICE 1.50 D3.50; R$ 1.245 ;Office;Incolor;Linha Tradicional;1.50
OC GOLD DESIGN OFFICE 1.56 BLUE D0.80; R$ 1.359 ;Office;Bluecut;Linha Tradicional;1.56
OC GOLD DESIGN OFFICE 1.56 BLUE D1.50; R$ 1.359 ;Office;Bluecut;Linha Tradicional;1.56
OC GOLD DESIGN OFFICE 1.56 BLUE D3.50; R$ 1.359 ;Office;Bluecut;Linha Tradicional;1.56
OC GOLD DESIGN OFFICE POLI BLUE D0.80; R$ 1.826 ;Office;Bluecut;Linha Tradicional;1.59
OC GOLD DESIGN OFFICE POLI BLUE D1.50; R$ 1.826 ;Office;Bluecut;Linha Tradicional;1.50
OC GOLD DESIGN OFFICE POLI BLUE D3.50; R$ 1.826 ;Office;Bluecut;Linha Tradicional;1.59
OC GOLD DESIGN OFFICE POLI D0.80; R$ 1.771 ;Office;Incolor;Linha Tradicional;1.59
OC GOLD DESIGN OFFICE POLI D1.50; R$ 1.771 ;Office;Incolor;Linha Tradicional;1.50
OC GOLD DESIGN OFFICE POLI D3.50; R$ 1.771 ;Office;Incolor;Linha Tradicional;1.59
OC GOLD DESIGN OFFICE 1.61 D0.80; R$ 2.713 ;Office;Incolor;Linha Tradicional;1.61
OC GOLD DESIGN OFFICE 1.61 D1.50; R$ 2.713 ;Office;Incolor;Linha Tradicional;1.61
OC GOLD DESIGN OFFICE 1.61 D3.50; R$ 2.713 ;Office;Incolor;Linha Tradicional;1.61
OC GOLD DESIGN OFFICE 1.61 BLUE D0.80; R$ 3.089 ;Office;Bluecut;Linha Tradicional;1.61
OC GOLD DESIGN OFFICE 1.61 BLUE D1.50; R$ 3.089 ;Office;Bluecut;Linha Tradicional;1.61
OC GOLD DESIGN OFFICE 1.61 BLUE D3.50; R$ 3.089 ;Office;Bluecut;Linha Tradicional;1.61
OC GOLD DESIGN OFFICE 1.67 BLUE D0.80; R$ 3.856 ;Office;Bluecut;Linha Tradicional;1.67
OC GOLD DESIGN OFFICE 1.67 BLUE D1.50; R$ 3.856 ;Office;Bluecut;Linha Tradicional;1.67
OC GOLD DESIGN OFFICE 1.67 BLUE D3.50; R$ 3.856 ;Office;Bluecut;Linha Tradicional;1.67
OC GOLD DESIGN OFFICE 1.67 D0.80; R$ 3.380 ;Office;Incolor;Linha Tradicional;1.67
OC GOLD DESIGN OFFICE 1.67 D1.50; R$ 3.380 ;Office;Incolor;Linha Tradicional;1.67
OC GOLD DESIGN OFFICE 1.67 D3.50; R$ 3.380 ;Office;Incolor;Linha Tradicional;1.67
OC GOLD DESIGN OFFICE 1.74 BLUE D0.80; R$ 6.895 ;Office;Bluecut;Linha Tradicional;1.74
OC GOLD DESIGN OFFICE 1.74 BLUE D1.50; R$ 6.895 ;Office;Bluecut;Linha Tradicional;1.74
OC GOLD DESIGN OFFICE 1.74 BLUE D3.50; R$ 6.895 ;Office;Bluecut;Linha Tradicional;1.74
OC GOLD DESIGN OFFICE 1.74 D0.80; R$ 6.375 ;Office;Incolor;Linha Tradicional;1.74
OC GOLD DESIGN OFFICE 1.74 D1.50; R$ 6.375 ;Office;Incolor;Linha Tradicional;1.74
OC GOLD DESIGN OFFICE 1.74 D3.50; R$ 6.375 ;Office;Incolor;Linha Tradicional;1.74
VS GOLD COMFORT IA D0.40 1.50; R$ 2.112 ;Visão Simples;Incolor;Linha IA;1.50
VS GOLD COMFORT IA D0.40 1.56 BLUE; R$ 2.196 ;Visão Simples;Bluecut;Linha IA;1.56
VS GOLD COMFORT IA D0.40 1.56 PHOTO; R$ 2.568 ;Visão Simples;Fotossensível;Linha IA;1.56
VS GOLD COMFORT IA D0.40 1.50 POLARIZADO CINZA; R$ 3.062 ;Visão Simples;Polarizado;Linha IA;1.50
VS GOLD COMFORT IA D0.40 1.50 POLARIZADO G15; R$ 3.062 ;Visão Simples;Polarizado;Linha IA;1.50
VS GOLD COMFORT IA D0.40 1.50 TRANSITIONS CINZA; R$ 3.462 ;Visão Simples;Transitions GEN-S;Linha IA;1.50
VS GOLD COMFORT IA D0.40 1.50 POLARIZADO MARROM; R$ 3.062 ;Visão Simples;Polarizado;Linha IA;1.50
VS GOLD COMFORT IA D0.40 1.50 TRANSITIONS AMBAR; R$ 3.462 ;Visão Simples;Transitions GEN-S;Linha IA;1.50
VS GOLD COMFORT IA D0.40 1.50 TRANSITIONS AMETHYST; R$ 3.462 ;Visão Simples;Transitions GEN-S;Linha IA;1.50
VS GOLD COMFORT IA D0.40 1.50 TRANSITIONS BROWN; R$ 3.462 ;Visão Simples;Transitions GEN-S;Linha IA;1.50
VS GOLD COMFORT IA D0.40 1.50 TRANSITIONS EMERALD; R$ 3.462 ;Visão Simples;Transitions GEN-S;Linha IA;1.50
VS GOLD COMFORT IA D0.40 1.50 TRANSITIONS GREEN; R$ 3.462 ;Visão Simples;Transitions GEN-S;Linha IA;1.50
VS GOLD COMFORT IA D0.40 1.50 TRANSITIONS RUBY; R$ 3.462 ;Visão Simples;Transitions GEN-S;Linha IA;1.50
VS GOLD COMFORT IA D0.40 1.50 TRANSITIONS SAPPHIRE; R$ 3.462 ;Visão Simples;Transitions GEN-S;Linha IA;1.50
VS GOLD COMFORT IA D0.40 1.50 TRANSITIONS XTRACTIVE 2.0; R$ 3.751 ;Visão Simples;Transitions Xtractive 2.0;Linha IA;1.50
VS GOLD COMFORT IA D0.40 1.59; R$ 2.451 ;Visão Simples;Incolor;Linha IA;1.59
VS GOLD COMFORT IA D0.40 1.59 BLUE; R$ 2.490 ;Visão Simples;Bluecut;Linha IA;1.59
VS GOLD COMFORT IA D0.40 1.59 PHOTO; R$ 4.407 ;Visão Simples;Fotossensível;Linha IA;1.59
VS GOLD COMFORT IA D0.40 1.59 TRANSITIONS CINZA; R$ 3.949 ;Visão Simples;Transitions GEN-S;Linha IA;1.59
VS GOLD COMFORT IA D0.40 1.59 POLARIZADO CINZA; R$ 3.297 ;Visão Simples;Polarizado;Linha IA;1.59
VS GOLD COMFORT IA D0.40 1.59 POLARIZADO G15; R$ 3.297 ;Visão Simples;Polarizado;Linha IA;1.59
VS GOLD COMFORT IA D0.40 1.59 POLARIZADO MARROM; R$ 3.297 ;Visão Simples;Polarizado;Linha IA;1.59
VS GOLD COMFORT IA D0.40 1.59 TRANSITIONS AMBAR; R$ 3.949 ;Visão Simples;Transitions GEN-S;Linha IA;1.59
VS GOLD COMFORT IA D0.40 1.59 TRANSITIONS AMETHYST; R$ 3.949 ;Visão Simples;Transitions GEN-S;Linha IA;1.59
VS GOLD COMFORT IA D0.40 1.59 TRANSITIONS BROWN; R$ 3.949 ;Visão Simples;Transitions GEN-S;Linha IA;1.59
VS GOLD COMFORT IA D0.40 1.59 TRANSITIONS EMERALD; R$ 3.949 ;Visão Simples;Transitions GEN-S;Linha IA;1.59
VS GOLD COMFORT IA D0.40 1.59 TRANSITIONS GREEN; R$ 3.949 ;Visão Simples;Transitions GEN-S;Linha IA;1.59
VS GOLD COMFORT IA D0.40 1.59 TRANSITIONS RUBY; R$ 3.949 ;Visão Simples;Transitions GEN-S;Linha IA;1.59
VS GOLD COMFORT IA D0.40 1.59 TRANSITIONS SAPPHIRE; R$ 3.949 ;Visão Simples;Transitions GEN-S;Linha IA;1.59
VS GOLD COMFORT IA D0.40 1.59 TRANSITIONS XTRACTIVE 2.0; R$ 4.114 ;Visão Simples;Transitions Xtractive 2.0;Linha IA;1.59
VS GOLD COMFORT IA D0.40 1.61; R$ 2.761 ;Visão Simples;Incolor;Linha IA;1.61
VS GOLD COMFORT IA D0.40 1.61 BLUE; R$ 2.992 ;Visão Simples;Bluecut;Linha IA;1.61
VS GOLD COMFORT IA D0.40 1.61 PHOTO; R$ 3.520 ;Visão Simples;Fotossensível;Linha IA;1.61
VS GOLD COMFORT IA D0.40 1.67; R$ 4.088 ;Visão Simples;Incolor;Linha IA;1.67
VS GOLD COMFORT IA D0.40 1.67 BLUE; R$ 4.448 ;Visão Simples;Bluecut;Linha IA;1.67
VS GOLD COMFORT IA D0.40 1.67 PHOTO; R$ 5.175 ;Visão Simples;Fotossensível;Linha IA;1.67
VS GOLD COMFORT IA D0.40 1.67 TRANSITIONS; R$ 8.905 ;Visão Simples;Transitions;Linha IA;1.67
VS GOLD COMFORT IA D0.40 1.74; R$ 4.415 ;Visão Simples;Incolor;Linha IA;1.74
VS GOLD COMFORT IA D0.40 1.74 TRANSITIONS; R$ 9.195 ;Visão Simples;Transitions;Linha IA;1.74
VS GOLD COMFORT IA D0.60 1.50; R$ 2.112 ;Visão Simples;Incolor;Linha IA;1.50
VS GOLD COMFORT IA D0.60 1.56 BLUE; R$ 2.196 ;Visão Simples;Bluecut;Linha IA;1.56
VS GOLD COMFORT IA D0.60 1.56 PHOTO; R$ 2.646 ;Visão Simples;Fotossensível;Linha IA;1.56
VS GOLD COMFORT IA D0.60 1.50 POLARIZADO CINZA; R$ 3.062 ;Visão Simples;Polarizado;Linha IA;1.50
VS GOLD COMFORT IA D0.60 1.50 POLARIZADO G15; R$ 3.062 ;Visão Simples;Polarizado;Linha IA;1.50
VS GOLD COMFORT IA D0.60 1.50 POLARIZADO MARROM; R$ 3.062 ;Visão Simples;Polarizado;Linha IA;1.50
VS GOLD COMFORT IA D0.60 1.50 TRANSITIONS AMBAR; R$ 3.462 ;Visão Simples;Transitions GEN-S;Linha IA;1.50
VS GOLD COMFORT IA D0.60 1.50 TRANSITIONS AMETHYST; R$ 3.462 ;Visão Simples;Transitions GEN-S;Linha IA;1.50
VS GOLD COMFORT IA D0.60 1.50 TRANSITIONS BROWN; R$ 3.462 ;Visão Simples;Transitions GEN-S;Linha IA;1.50
VS GOLD COMFORT IA D0.60 1.50 TRANSITIONS CINZA; R$ 3.462 ;Visão Simples;Transitions GEN-S;Linha IA;1.50
VS GOLD COMFORT IA D0.60 1.50 TRANSITIONS EMERALD; R$ 3.462 ;Visão Simples;Transitions GEN-S;Linha IA;1.50
VS GOLD COMFORT IA D0.60 1.50 TRANSITIONS GREEN; R$ 3.462 ;Visão Simples;Transitions GEN-S;Linha IA;1.50
VS GOLD COMFORT IA D0.60 1.50 TRANSITIONS RUBY; R$ 3.462 ;Visão Simples;Transitions GEN-S;Linha IA;1.50
VS GOLD COMFORT IA D0.60 1.50 TRANSITIONS SAPPHIRE; R$ 3.462 ;Visão Simples;Transitions GEN-S;Linha IA;1.50
VS GOLD COMFORT IA D0.60 1.50 TRANSITIONS XTRACTIVE 2.0; R$ 3.751 ;Visão Simples;Transitions Xtractive 2.0;Linha IA;1.50
VS GOLD COMFORT IA D0.60 1.59; R$ 2.516 ;Visão Simples;Incolor;Linha IA;1.59
VS GOLD COMFORT IA D0.60 1.59 BLUE; R$ 2.555 ;Visão Simples;Bluecut;Linha IA;1.59
VS GOLD COMFORT IA D0.60 1.59 PHOTO; R$ 4.589 ;Visão Simples;Fotossensível;Linha IA;1.59
VS GOLD COMFORT IA D0.60 1.59 POLARIZADO CINZA; R$ 3.297 ;Visão Simples;Polarizado;Linha IA;1.59
VS GOLD COMFORT IA D0.60 1.59 POLARIZADO G15; R$ 3.297 ;Visão Simples;Polarizado;Linha IA;1.59
VS GOLD COMFORT IA D0.60 1.59 POLARIZADO MARROM; R$ 3.297 ;Visão Simples;Polarizado;Linha IA;1.59
VS GOLD COMFORT IA D0.60 1.59 TRANSITIONS AMBAR; R$ 3.949 ;Visão Simples;Transitions GEN-S;Linha IA;1.59
VS GOLD COMFORT IA D0.60 1.59 TRANSITIONS AMETHYST; R$ 3.949 ;Visão Simples;Transitions GEN-S;Linha IA;1.59
VS GOLD COMFORT IA D0.60 1.59 TRANSITIONS BROWN; R$ 3.949 ;Visão Simples;Transitions GEN-S;Linha IA;1.59
VS GOLD COMFORT IA D0.60 1.59 TRANSITIONS CINZA; R$ 3.949 ;Visão Simples;Transitions GEN-S;Linha IA;1.59
VS GOLD COMFORT IA D0.60 1.59 TRANSITIONS EMERALD; R$ 3.949 ;Visão Simples;Transitions GEN-S;Linha IA;1.59
VS GOLD COMFORT IA D0.60 1.59 TRANSITIONS GREEN; R$ 3.949 ;Visão Simples;Transitions GEN-S;Linha IA;1.59
VS GOLD COMFORT IA D0.60 1.59 TRANSITIONS RUBY; R$ 3.949 ;Visão Simples;Transitions GEN-S;Linha IA;1.59
VS GOLD COMFORT IA D0.60 1.59 TRANSITIONS SAPPHIRE; R$ 3.949 ;Visão Simples;Transitions GEN-S;Linha IA;1.59
VS GOLD COMFORT IA D0.60 1.59 TRANSITIONS XTRACTIVE 2.0; R$ 4.114 ;Visão Simples;Transitions Xtractive 2.0;Linha IA;1.59
VS GOLD COMFORT IA D0.60 1.61; R$ 2.761 ;Visão Simples;Incolor;Linha IA;1.61
VS GOLD COMFORT IA D0.60 1.61 BLUE; R$ 2.992 ;Visão Simples;Bluecut;Linha IA;1.61
VS GOLD COMFORT IA D0.60 1.61 PHOTO; R$ 3.520 ;Visão Simples;Fotossensível;Linha IA;1.61
VS GOLD COMFORT IA D0.60 1.67; R$ 4.238 ;Visão Simples;Incolor;Linha IA;1.67
VS GOLD COMFORT IA D0.60 1.67 BLUE; R$ 4.628 ;Visão Simples;Bluecut;Linha IA;1.67
VS GOLD COMFORT IA D0.60 1.67 PHOTO; R$ 5.175 ;Visão Simples;Fotossensível;Linha IA;1.67
VS GOLD COMFORT IA D0.60 1.67 TRANSITIONS; R$ 8.905 ;Visão Simples;Transitions;Linha IA;1.67
VS GOLD COMFORT IA D0.60 1.74; R$ 4.225 ;Visão Simples;Incolor;Linha IA;1.74
VS GOLD COMFORT IA D0.60 1.74 TRANSITIONS; R$ 9.195 ;Visão Simples;Transitions;Linha IA;1.74
VS GOLD COMFORT IA D0.80 1.50; R$ 2.112 ;Visão Simples;Incolor;Linha IA;1.50
VS GOLD COMFORT IA D0.80 1.56 BLUE; R$ 2.310 ;Visão Simples;Bluecut;Linha IA;1.56
VS GOLD COMFORT IA D0.80 1.56 PHOTO; R$ 2.808 ;Visão Simples;Fotossensível;Linha IA;1.56
VS GOLD COMFORT IA D0.80 1.50 POLARIZADO CINZA; R$ 3.062 ;Visão Simples;Polarizado;Linha IA;1.50
VS GOLD COMFORT IA D0.80 1.50 POLARIZADO G15; R$ 3.062 ;Visão Simples;Polarizado;Linha IA;1.50
VS GOLD COMFORT IA D0.80 1.50 POLARIZADO MARROM; R$ 3.062 ;Visão Simples;Polarizado;Linha IA;1.50
VS GOLD COMFORT IA D0.80 1.50 TRANSITIONS AMBAR; R$ 3.462 ;Visão Simples;Transitions GEN-S;Linha IA;1.50
VS GOLD COMFORT IA D0.80 1.50 TRANSITIONS AMETHYST; R$ 3.462 ;Visão Simples;Transitions GEN-S;Linha IA;1.50
VS GOLD COMFORT IA D0.80 1.50 TRANSITIONS BROWN; R$ 3.462 ;Visão Simples;Transitions GEN-S;Linha IA;1.50
VS GOLD COMFORT IA D0.80 1.50 TRANSITIONS CINZA; R$ 3.462 ;Visão Simples;Transitions GEN-S;Linha IA;1.50
VS GOLD COMFORT IA D0.80 1.50 TRANSITIONS EMERALD; R$ 3.462 ;Visão Simples;Transitions GEN-S;Linha IA;1.50
VS GOLD COMFORT IA D0.80 1.50 TRANSITIONS GREEN; R$ 3.462 ;Visão Simples;Transitions GEN-S;Linha IA;1.50
VS GOLD COMFORT IA D0.80 1.50 TRANSITIONS RUBY; R$ 3.462 ;Visão Simples;Transitions GEN-S;Linha IA;1.50
VS GOLD COMFORT IA D0.80 1.50 TRANSITIONS SAPPHIRE; R$ 3.462 ;Visão Simples;Transitions GEN-S;Linha IA;1.50
VS GOLD COMFORT IA D0.80 1.50 TRANSITIONS XTRACTIVE 2.0; R$ 3.751 ;Visão Simples;Transitions Xtractive 2.0;Linha IA;1.50
VS GOLD COMFORT IA D0.80 1.59; R$ 2.652 ;Visão Simples;Incolor;Linha IA;1.59
VS GOLD COMFORT IA D0.80 1.59 BLUE; R$ 2.698 ;Visão Simples;Bluecut;Linha IA;1.59
VS GOLD COMFORT IA D0.80 1.59 PHOTO; R$ 4.953 ;Visão Simples;Fotossensível;Linha IA;1.59
VS GOLD COMFORT IA D0.80 1.59 POLARIZADO CINZA; R$ 3.297 ;Visão Simples;Polarizado;Linha IA;1.59
VS GOLD COMFORT IA D0.80 1.59 POLARIZADO G15; R$ 3.297 ;Visão Simples;Polarizado;Linha IA;1.59
VS GOLD COMFORT IA D0.80 1.59 POLARIZADO MARROM; R$ 3.297 ;Visão Simples;Polarizado;Linha IA;1.59
VS GOLD COMFORT IA D0.80 1.59 TRANSITIONS AMBAR; R$ 3.949 ;Visão Simples;Transitions GEN-S;Linha IA;1.59
VS GOLD COMFORT IA D0.80 1.59 TRANSITIONS AMETHYST; R$ 3.949 ;Visão Simples;Transitions GEN-S;Linha IA;1.59
VS GOLD COMFORT IA D0.80 1.59 TRANSITIONS BROWN; R$ 3.949 ;Visão Simples;Transitions GEN-S;Linha IA;1.59
VS GOLD COMFORT IA D0.80 1.59 TRANSITIONS CINZA; R$ 3.949 ;Visão Simples;Transitions GEN-S;Linha IA;1.59
VS GOLD COMFORT IA D0.80 1.59 TRANSITIONS EMERALD; R$ 3.949 ;Visão Simples;Transitions GEN-S;Linha IA;1.59
VS GOLD COMFORT IA D0.80 1.59 TRANSITIONS GREEN; R$ 3.949 ;Visão Simples;Transitions GEN-S;Linha IA;1.59
VS GOLD COMFORT IA D0.80 1.59 TRANSITIONS RUBY; R$ 3.949 ;Visão Simples;Transitions GEN-S;Linha IA;1.59
VS GOLD COMFORT IA D0.80 1.59 TRANSITIONS SAPPHIRE; R$ 3.949 ;Visão Simples;Transitions GEN-S;Linha IA;1.59
VS GOLD COMFORT IA D0.80 1.59 TRANSITIONS XTRACTIVE 2.0; R$ 4.114 ;Visão Simples;Transitions Xtractive 2.0;Linha IA;1.59
VS GOLD COMFORT IA D0.80 1.61; R$ 2.761 ;Visão Simples;Incolor;Linha IA;1.61
VS GOLD COMFORT IA D0.80 1.61 BLUE; R$ 2.992 ;Visão Simples;Bluecut;Linha IA;1.61
VS GOLD COMFORT IA D0.80 1.61 PHOTO; R$ 3.520 ;Visão Simples;Fotossensível;Linha IA;1.61
VS GOLD COMFORT IA D0.80 1.67; R$ 4.088 ;Visão Simples;Incolor;Linha IA;1.67
VS GOLD COMFORT IA D0.80 1.67 BLUE; R$ 4.448 ;Visão Simples;Bluecut;Linha IA;1.67
VS GOLD COMFORT IA D0.80 1.67 PHOTO; R$ 4.973 ;Visão Simples;Fotossensível;Linha IA;1.67
VS GOLD COMFORT IA D0.80 1.67 TRANSITIONS; R$ 8.905 ;Visão Simples;Transitions;Linha IA;1.67
VS GOLD COMFORT IA D0.80 1.74; R$ 4.225 ;Visão Simples;Incolor;Linha IA;1.74
VS GOLD COMFORT IA D0.80 1.74 TRANSITIONS; R$ 9.195 ;Visão Simples;Transitions;Linha IA;1.74
VS GOLD COMFORT IA D1.00 1.50; R$ 2.214 ;Visão Simples;Incolor;Linha IA;1.50
VS GOLD COMFORT IA D1.00 1.56 BLUE; R$ 2.310 ;Visão Simples;Bluecut;Linha IA;1.56
VS GOLD COMFORT IA D1.00 1.56 PHOTO; R$ 2.808 ;Visão Simples;Fotossensível;Linha IA;1.56
VS GOLD COMFORT IA D1.00 1.50 POLARIZADO CINZA; R$ 3.062 ;Visão Simples;Polarizado;Linha IA;1.50
VS GOLD COMFORT IA D1.00 1.50 POLARIZADO G15; R$ 3.062 ;Visão Simples;Polarizado;Linha IA;1.50
VS GOLD COMFORT IA D1.00 1.50 POLARIZADO MARROM; R$ 3.062 ;Visão Simples;Polarizado;Linha IA;1.50
VS GOLD COMFORT IA D1.00 1.50 TRANSITIONS AMBAR; R$ 3.462 ;Visão Simples;Transitions GEN-S;Linha IA;1.50
VS GOLD COMFORT IA D1.00 1.50 TRANSITIONS AMETHYST; R$ 3.462 ;Visão Simples;Transitions GEN-S;Linha IA;1.50
VS GOLD COMFORT IA D1.00 1.50 TRANSITIONS BROWN; R$ 3.462 ;Visão Simples;Transitions GEN-S;Linha IA;1.50
VS GOLD COMFORT IA D1.00 1.50 TRANSITIONS CINZA; R$ 3.462 ;Visão Simples;Transitions GEN-S;Linha IA;1.50
VS GOLD COMFORT IA D1.00 1.50 TRANSITIONS EMERALD; R$ 3.462 ;Visão Simples;Transitions GEN-S;Linha IA;1.50
VS GOLD COMFORT IA D1.00 1.50 TRANSITIONS GREEN; R$ 3.462 ;Visão Simples;Transitions GEN-S;Linha IA;1.50
VS GOLD COMFORT IA D1.00 1.50 TRANSITIONS RUBY; R$ 3.462 ;Visão Simples;Transitions GEN-S;Linha IA;1.50
VS GOLD COMFORT IA D1.00 1.50 TRANSITIONS SAPPHIRE; R$ 3.462 ;Visão Simples;Transitions GEN-S;Linha IA;1.50
VS GOLD COMFORT IA D1.00 1.50 TRANSITIONS XTRACTIVE 2.0; R$ 3.751 ;Visão Simples;Transitions Xtractive 2.0;Linha IA;1.50
VS GOLD COMFORT IA D1.00 1.59; R$ 2.652 ;Visão Simples;Incolor;Linha IA;1.59
VS GOLD COMFORT IA D1.00 1.59 BLUE; R$ 2.698 ;Visão Simples;Bluecut;Linha IA;1.59
VS GOLD COMFORT IA D1.00 1.59 PHOTO; R$ 4.589 ;Visão Simples;Fotossensível;Linha IA;1.59
VS GOLD COMFORT IA D1.00 1.59 POLARIZADO CINZA; R$ 3.297 ;Visão Simples;Polarizado;Linha IA;1.59
VS GOLD COMFORT IA D1.00 1.59 POLARIZADO G15; R$ 3.297 ;Visão Simples;Polarizado;Linha IA;1.59
VS GOLD COMFORT IA D1.00 1.59 POLARIZADO MARROM; R$ 3.297 ;Visão Simples;Polarizado;Linha IA;1.59
VS GOLD COMFORT IA D1.00 1.59 TRANSITIONS AMBAR; R$ 3.949 ;Visão Simples;Transitions GEN-S;Linha IA;1.59
VS GOLD COMFORT IA D1.00 1.59 TRANSITIONS AMETHYST; R$ 3.949 ;Visão Simples;Transitions GEN-S;Linha IA;1.59
VS GOLD COMFORT IA D1.00 1.59 TRANSITIONS BROWN; R$ 3.949 ;Visão Simples;Transitions GEN-S;Linha IA;1.59
VS GOLD COMFORT IA D1.00 1.59 TRANSITIONS CINZA; R$ 3.949 ;Visão Simples;Transitions GEN-S;Linha IA;1.59
VS GOLD COMFORT IA D1.00 1.59 TRANSITIONS EMERALD; R$ 3.949 ;Visão Simples;Transitions GEN-S;Linha IA;1.59
VS GOLD COMFORT IA D1.00 1.59 TRANSITIONS GREEN; R$ 3.949 ;Visão Simples;Transitions GEN-S;Linha IA;1.59
VS GOLD COMFORT IA D1.00 1.59 TRANSITIONS RUBY; R$ 3.949 ;Visão Simples;Transitions GEN-S;Linha IA;1.59
VS GOLD COMFORT IA D1.00 1.59 TRANSITIONS SAPPHIRE; R$ 3.949 ;Visão Simples;Transitions GEN-S;Linha IA;1.59
VS GOLD COMFORT IA D1.00 1.59 TRANSITIONS XTRACTIVE 2.0; R$ 4.114 ;Visão Simples;Transitions Xtractive 2.0;Linha IA;1.59
VS GOLD COMFORT IA D1.00 1.61; R$ 2.855 ;Visão Simples;Incolor;Linha IA;1.61
VS GOLD COMFORT IA D1.00 1.61 BLUE; R$ 3.102 ;Visão Simples;Bluecut;Linha IA;1.61
VS GOLD COMFORT IA D1.00 1.61 PHOTO; R$ 3.663 ;Visão Simples;Fotossensível;Linha IA;1.61
VS GOLD COMFORT IA D1.00 1.67; R$ 4.238 ;Visão Simples;Incolor;Linha IA;1.67
VS GOLD COMFORT IA D1.00 1.67 BLUE; R$ 4.628 ;Visão Simples;Bluecut;Linha IA;1.67
VS GOLD COMFORT IA D1.00 1.67 PHOTO; R$ 5.175 ;Visão Simples;Fotossensível;Linha IA;1.67
VS GOLD COMFORT IA D1.00 1.67 TRANSITIONS; R$ 8.905 ;Visão Simples;Transitions;Linha IA;1.67
VS GOLD COMFORT IA D1.00 1.74; R$ 4.225 ;Visão Simples;Incolor;Linha IA;1.74
VS GOLD COMFORT IA D1.00 1.74 TRANSITIONS; R$ 9.195 ;Visão Simples;Transitions;Linha IA;1.74
VS GOLD COMFORT IA D1.25 1.50; R$ 2.214 ;Visão Simples;Incolor;Linha IA;1.50
VS GOLD COMFORT IA D1.25 1.56 BLUE; R$ 2.310 ;Visão Simples;Bluecut;Linha IA;1.56
VS GOLD COMFORT IA D1.25 1.56 PHOTO; R$ 2.568 ;Visão Simples;Fotossensível;Linha IA;1.56
VS GOLD COMFORT IA D1.25 1.50 POLARIZADO CINZA; R$ 3.062 ;Visão Simples;Polarizado;Linha IA;1.50
VS GOLD COMFORT IA D1.25 1.50 POLARIZADO G15; R$ 3.062 ;Visão Simples;Polarizado;Linha IA;1.50
VS GOLD COMFORT IA D1.25 1.50 POLARIZADO MARROM; R$ 3.062 ;Visão Simples;Polarizado;Linha IA;1.50
VS GOLD COMFORT IA D1.25 1.50 TRANSITIONS AMBAR; R$ 3.462 ;Visão Simples;Transitions GEN-S;Linha IA;1.50
VS GOLD COMFORT IA D1.25 1.50 TRANSITIONS AMETHYST; R$ 3.462 ;Visão Simples;Transitions GEN-S;Linha IA;1.50
VS GOLD COMFORT IA D1.25 1.50 TRANSITIONS BROWN; R$ 3.462 ;Visão Simples;Transitions GEN-S;Linha IA;1.50
VS GOLD COMFORT IA D1.25 1.50 TRANSITIONS CINZA; R$ 3.462 ;Visão Simples;Transitions GEN-S;Linha IA;1.50
VS GOLD COMFORT IA D1.25 1.50 TRANSITIONS EMERALD; R$ 3.462 ;Visão Simples;Transitions GEN-S;Linha IA;1.50
VS GOLD COMFORT IA D1.25 1.50 TRANSITIONS GREEN; R$ 3.462 ;Visão Simples;Transitions GEN-S;Linha IA;1.50
VS GOLD COMFORT IA D1.25 1.50 TRANSITIONS RUBY; R$ 3.462 ;Visão Simples;Transitions GEN-S;Linha IA;1.50
VS GOLD COMFORT IA D1.25 1.50 TRANSITIONS SAPPHIRE; R$ 3.462 ;Visão Simples;Transitions GEN-S;Linha IA;1.50
VS GOLD COMFORT IA D1.25 1.50 TRANSITIONS XTRACTIVE 2.0; R$ 3.751 ;Visão Simples;Transitions Xtractive 2.0;Linha IA;1.50
VS GOLD COMFORT IA D1.25 1.59; R$ 2.516 ;Visão Simples;Incolor;Linha IA;1.59
VS GOLD COMFORT IA D1.25 1.59 BLUE; R$ 2.555 ;Visão Simples;Bluecut;Linha IA;1.59
VS GOLD COMFORT IA D1.25 1.59 PHOTO; R$ 4.589 ;Visão Simples;Fotossensível;Linha IA;1.59
VS GOLD COMFORT IA D1.25 1.59 POLARIZADO CINZA; R$ 3.297 ;Visão Simples;Polarizado;Linha IA;1.59
VS GOLD COMFORT IA D1.25 1.59 POLARIZADO G15; R$ 3.297 ;Visão Simples;Polarizado;Linha IA;1.59
VS GOLD COMFORT IA D1.25 1.59 POLARIZADO MARROM; R$ 3.297 ;Visão Simples;Polarizado;Linha IA;1.59
VS GOLD COMFORT IA D1.25 1.59 TRANSITIONS AMBAR; R$ 3.949 ;Visão Simples;Transitions GEN-S;Linha IA;1.59
VS GOLD COMFORT IA D1.25 1.59 TRANSITIONS AMETHYST; R$ 3.949 ;Visão Simples;Transitions GEN-S;Linha IA;1.59
VS GOLD COMFORT IA D1.25 1.59 TRANSITIONS BROWN; R$ 3.949 ;Visão Simples;Transitions GEN-S;Linha IA;1.59
VS GOLD COMFORT IA D1.25 1.59 TRANSITIONS CINZA; R$ 3.949 ;Visão Simples;Transitions GEN-S;Linha IA;1.59
VS GOLD COMFORT IA D1.25 1.59 TRANSITIONS EMERALD; R$ 3.949 ;Visão Simples;Transitions GEN-S;Linha IA;1.59
VS GOLD COMFORT IA D1.25 1.59 TRANSITIONS GREEN; R$ 3.949 ;Visão Simples;Transitions GEN-S;Linha IA;1.59
VS GOLD COMFORT IA D1.25 1.59 TRANSITIONS RUBY; R$ 3.949 ;Visão Simples;Transitions GEN-S;Linha IA;1.59
VS GOLD COMFORT IA D1.25 1.59 TRANSITIONS SAPPHIRE; R$ 3.949 ;Visão Simples;Transitions GEN-S;Linha IA;1.59
VS GOLD COMFORT IA D1.25 1.59 TRANSITIONS XTRACTIVE 2.0; R$ 4.114 ;Visão Simples;Transitions Xtractive 2.0;Linha IA;1.59
VS GOLD COMFORT IA D1.25 1.61; R$ 2.855 ;Visão Simples;Incolor;Linha IA;1.61
VS GOLD COMFORT IA D1.25 1.61 BLUE; R$ 3.102 ;Visão Simples;Bluecut;Linha IA;1.61
VS GOLD COMFORT IA D1.25 1.61 PHOTO; R$ 3.663 ;Visão Simples;Fotossensível;Linha IA;1.61
VS GOLD COMFORT IA D1.25 1.67; R$ 4.238 ;Visão Simples;Incolor;Linha IA;1.67
VS GOLD COMFORT IA D1.25 1.67 BLUE; R$ 4.628 ;Visão Simples;Bluecut;Linha IA;1.67
VS GOLD COMFORT IA D1.25 1.67 PHOTO; R$ 5.175 ;Visão Simples;Fotossensível;Linha IA;1.67
VS GOLD COMFORT IA D1.25 1.67 TRANSITIONS; R$ 8.905 ;Visão Simples;Transitions;Linha IA;1.67
VS GOLD COMFORT IA D1.25 1.74; R$ 4.225 ;Visão Simples;Incolor;Linha IA;1.74
VS GOLD COMFORT IA D1.25 1.74 TRANSITIONS; R$ 9.195 ;Visão Simples;Transitions;Linha IA;1.74
VS GOLD PREMIUM IA 1.50; R$ 2.562 ;Visão Simples;Incolor;Linha IA;1.50
VS GOLD PREMIUM IA 1.56 BLUE; R$ 2.646 ;Visão Simples;Bluecut;Linha IA;1.56
VS GOLD PREMIUM IA 1.56 PHOTO; R$ 2.716 ;Visão Simples;Fotossensível;Linha IA;1.56
VS GOLD PREMIUM IA 1.50 POLARIZADO CINZA; R$ 3.297 ;Visão Simples;Polarizado;Linha IA;1.50
VS GOLD PREMIUM IA 1.50 POLARIZADO G15; R$ 3.297 ;Visão Simples;Polarizado;Linha IA;1.50
VS GOLD PREMIUM IA 1.50 POLARIZADO MARROM; R$ 3.297 ;Visão Simples;Polarizado;Linha IA;1.50
VS GOLD PREMIUM IA 1.50 TRANSITIONS AMBAR; R$ 3.563 ;Visão Simples;Transitions GEN-S;Linha IA;1.50
VS GOLD PREMIUM IA 1.50 TRANSITIONS AMETHYST; R$ 3.563 ;Visão Simples;Transitions GEN-S;Linha IA;1.50
VS GOLD PREMIUM IA 1.50 TRANSITIONS BROWN; R$ 3.563 ;Visão Simples;Transitions GEN-S;Linha IA;1.50
VS GOLD PREMIUM IA 1.50 TRANSITIONS CINZA; R$ 3.563 ;Visão Simples;Transitions GEN-S;Linha IA;1.50
VS GOLD PREMIUM IA 1.50 TRANSITIONS EMERALD; R$ 3.563 ;Visão Simples;Transitions GEN-S;Linha IA;1.50
VS GOLD PREMIUM IA 1.50 TRANSITIONS GREEN; R$ 3.563 ;Visão Simples;Transitions GEN-S;Linha IA;1.50
VS GOLD PREMIUM IA 1.50 TRANSITIONS RUBY; R$ 3.563 ;Visão Simples;Transitions GEN-S;Linha IA;1.50
VS GOLD PREMIUM IA 1.50 TRANSITIONS SAPPHIRE; R$ 3.563 ;Visão Simples;Transitions GEN-S;Linha IA;1.50
VS GOLD PREMIUM IA 1.50 TRANSITIONS XTRACTIVE 2.0; R$ 3.983 ;Visão Simples;Transitions Xtractive 2.0;Linha IA;1.50
VS GOLD PREMIUM IA 1.56 ESPELHADO BLUE; R$ 3.115 ;Visão Simples;Espelhado;Linha IA;1.56
VS GOLD PREMIUM IA 1.56 ESPELHADO ORANGE; R$ 3.115 ;Visão Simples;Espelhado;Linha IA;1.56
VS GOLD PREMIUM IA 1.56 ESPELHADO ROSE; R$ 3.115 ;Visão Simples;Espelhado;Linha IA;1.56
VS GOLD PREMIUM IA 1.56 ESPELHADO SILVER; R$ 3.115 ;Visão Simples;Espelhado;Linha IA;1.56
VS GOLD PREMIUM IA 1.59; R$ 2.784 ;Visão Simples;Incolor;Linha IA;1.59
VS GOLD PREMIUM IA 1.59 BLUE; R$ 2.952 ;Visão Simples;Bluecut;Linha IA;1.59
VS GOLD PREMIUM IA 1.59 PHOTO; R$ 4.208 ;Visão Simples;Fotossensível;Linha IA;1.59
VS GOLD PREMIUM IA 1.59 POLARIZADO CINZA; R$ 3.768 ;Visão Simples;Polarizado;Linha IA;1.59
VS GOLD PREMIUM IA 1.59 POLARIZADO G15; R$ 3.768 ;Visão Simples;Polarizado;Linha IA;1.59
VS GOLD PREMIUM IA 1.59 POLARIZADO MARROM; R$ 3.768 ;Visão Simples;Polarizado;Linha IA;1.59
VS GOLD PREMIUM IA 1.59 TRANSITIONS AMBAR; R$ 3.575 ;Visão Simples;Transitions GEN-S;Linha IA;1.59
VS GOLD PREMIUM IA 1.59 TRANSITIONS AMETHYST; R$ 3.575 ;Visão Simples;Transitions GEN-S;Linha IA;1.59
VS GOLD PREMIUM IA 1.59 TRANSITIONS BROWN; R$ 3.575 ;Visão Simples;Transitions GEN-S;Linha IA;1.59
VS GOLD PREMIUM IA 1.59 TRANSITIONS CINZA; R$ 3.575 ;Visão Simples;Transitions GEN-S;Linha IA;1.59
VS GOLD PREMIUM IA 1.59 TRANSITIONS EMERALD; R$ 3.575 ;Visão Simples;Transitions GEN-S;Linha IA;1.59
VS GOLD PREMIUM IA 1.59 TRANSITIONS GREEN; R$ 3.575 ;Visão Simples;Transitions GEN-S;Linha IA;1.59
VS GOLD PREMIUM IA 1.59 TRANSITIONS RUBY; R$ 3.575 ;Visão Simples;Transitions GEN-S;Linha IA;1.59
VS GOLD PREMIUM IA 1.59 TRANSITIONS SAPPHIRE; R$ 3.575 ;Visão Simples;Transitions GEN-S;Linha IA;1.59
VS GOLD PREMIUM IA 1.59 TRANSITIONS XTRACTIVE 2.0; R$ 3.920 ;Visão Simples;Transitions Xtractive 2.0;Linha IA;1.59
VS GOLD PREMIUM IA 1.61; R$ 3.045 ;Visão Simples;Incolor;Linha IA;1.61
VS GOLD PREMIUM IA 1.61 BLUE; R$ 3.180 ;Visão Simples;Bluecut;Linha IA;1.61
VS GOLD PREMIUM IA 1.61 PHOTO; R$ 4.185 ;Visão Simples;Fotossensível;Linha IA;1.61
VS GOLD PREMIUM IA 1.67; R$ 4.383 ;Visão Simples;Incolor;Linha IA;1.67
VS GOLD PREMIUM IA 1.67 BLUE; R$ 4.743 ;Visão Simples;Bluecut;Linha IA;1.67
VS GOLD PREMIUM IA 1.67 PHOTO; R$ 5.580 ;Visão Simples;Fotossensível;Linha IA;1.67
VS GOLD PREMIUM IA 1.67 TRANSITIONS; R$ 8.850 ;Visão Simples;Transitions;Linha IA;1.67
VS GOLD PREMIUM IA 1.74; R$ 4.842 ;Visão Simples;Incolor;Linha IA;1.74
VS GOLD PREMIUM IA 1.74 TRANSITIONS; R$ 10.074 ;Visão Simples;Transitions;Linha IA;1.74
VS GOLD COMFORT 1.50; R$ 900 ;Visão Simples;Incolor;Linha Tradicional;1.50
VS GOLD COMFORT 1.56 BLUE; R$ 925 ;Visão Simples;Bluecut;Linha Tradicional;1.56
VS GOLD COMFORT 1.50 PHOTO; R$ 1.210 ;Visão Simples;Fotossensível;Linha Tradicional;1.50
VS GOLD COMFORT 1.50 TRANSITIONS; R$ 1.845 ;Visão Simples;Transitions;Linha Tradicional;1.50
VS GOLD COMFORT POLY; R$ 1.005 ;Visão Simples;Incolor;Linha Tradicional;1.59
VS GOLD COMFORT POLY BLUE; R$ 1.025 ;Visão Simples;Bluecut;Linha Tradicional;1.59
VS GOLD COMFORT POLY PHOTO; R$ 2.230 ;Visão Simples;Fotossensível;Linha Tradicional;1.59
VS GOLD COMFORT POLY TRANSITIONS; R$ 2.086 ;Visão Simples;Transitions;Linha Tradicional;1.59
VS GOLD COMFORT 1.61; R$ 1.364 ;Visão Simples;Incolor;Linha Tradicional;1.61
VS GOLD COMFORT 1.61 BLUE; R$ 1.517 ;Visão Simples;Bluecut;Linha Tradicional;1.61
VS GOLD COMFORT 1.61 PHOTO; R$ 1.868 ;Visão Simples;Fotossensível;Linha Tradicional;1.61
VS GOLD COMFORT 1.67; R$ 2.704 ;Visão Simples;Incolor;Linha Tradicional;1.67
VS GOLD COMFORT 1.67 BLUE; R$ 3.016 ;Visão Simples;Bluecut;Linha Tradicional;1.67
VS GOLD COMFORT 1.67 PHOTO; R$ 3.472 ;Visão Simples;Fotossensível;Linha Tradicional;1.67
VS GOLD COMFORT 1.67 TRANSITIONS; R$ 5.708 ;Visão Simples;Transitions;Linha Tradicional;1.67
VS GOLD COMFORT 1.74; R$ 2.476 ;Visão Simples;Incolor;Linha Tradicional;1.74
VS GOLD COMFORT 1.74 TRANSITIONS; R$ 6.596 ;Visão Simples;Transitions;Linha Tradicional;1.74
VS GOLD PREMIUM 1.50; R$ 528 ;Visão Simples;Incolor;Linha Tradicional;1.50
VS GOLD PREMIUM 1.56 BLUE; R$ 656 ;Visão Simples;Bluecut;Linha Tradicional;1.56
VS GOLD PREMIUM 1.50 PHOTO; R$ 944 ;Visão Simples;Fotossensível;Linha Tradicional;1.50
VS GOLD PREMIUM 1.50 TRANSITIONS; R$ 1.771 ;Visão Simples;Transitions;Linha Tradicional;1.50
VS GOLD PREMIUM 1.50 ESPELHADO BLUE; R$ 1.470 ;Visão Simples;Espelhado;Linha Tradicional;1.50
VS GOLD PREMIUM 1.50 ESPELHADO ORANGE; R$ 1.470 ;Visão Simples;Espelhado;Linha Tradicional;1.50
VS GOLD PREMIUM 1.50 ESPELHADO ROSE; R$ 1.470 ;Visão Simples;Espelhado;Linha Tradicional;1.50
VS GOLD PREMIUM 1.50 ESPELHADO SILVER; R$ 1.470 ;Visão Simples;Espelhado;Linha Tradicional;1.50
VS GOLD PREMIUM 1.50 POLARIZADO CINZA; R$ 1.624 ;Visão Simples;Polarizado;Linha Tradicional;1.50
VS GOLD PREMIUM 1.50 POLARIZADO G15; R$ 1.624 ;Visão Simples;Polarizado;Linha Tradicional;1.50
VS GOLD PREMIUM 1.50 POLARIZADO MARROM; R$ 1.624 ;Visão Simples;Polarizado;Linha Tradicional;1.50
VS GOLD PREMIUM POLY; R$ 693 ;Visão Simples;Incolor;Linha Tradicional;1.59
VS GOLD PREMIUM POLY BLUE; R$ 714 ;Visão Simples;Bluecut;Linha Tradicional;1.59
VS GOLD PREMIUM POLY PHOTO; R$ 1.953 ;Visão Simples;Fotossensível;Linha Tradicional;1.59
VS GOLD PREMIUM POLY TRANSITIONS; R$ 3.240 ;Visão Simples;Transitions;Linha Tradicional;1.59
VS GOLD PREMIUM 1.61; R$ 1.183 ;Visão Simples;Incolor;Linha Tradicional;1.61
VS GOLD PREMIUM 1.61 BLUE; R$ 1.344 ;Visão Simples;Bluecut;Linha Tradicional;1.61
VS GOLD PREMIUM 1.61 PHOTO; R$ 1.996 ;Visão Simples;Fotossensível;Linha Tradicional;1.61
VS GOLD PREMIUM 1.67; R$ 1.722 ;Visão Simples;Incolor;Linha Tradicional;1.67
VS GOLD PREMIUM 1.67 BLUE; R$ 1.960 ;Visão Simples;Bluecut;Linha Tradicional;1.67
VS GOLD PREMIUM 1.67 PHOTO; R$ 2.340 ;Visão Simples;Fotossensível;Linha Tradicional;1.67
VS GOLD PREMIUM 1.67 TRANSITIONS; R$ 8.226 ;Visão Simples;Transitions;Linha Tradicional;1.67
VS GOLD PREMIUM 1.74; R$ 3.634 ;Visão Simples;Incolor;Linha Tradicional;1.74
VS GOLD PREMIUM 1.74 TRANSITIONS; R$ 8.628 ;Visão Simples;Transitions;Linha Tradicional;1.74
AR CLEAN GREEN (VERDE)  ; R$ 168 ;Antirreflexo;AR Normal;Tratamento;-
AR CLEAN BLUE (AZUL); R$ 267 ;Antirreflexo;AR Normal;Tratamento;-
AR PREMIUM GREEN (VERDE) ; R$ 597 ;Antirreflexo;AR SH;Tratamento;-
 AR PREMIUM BLUE (AZUL)    ; R$ 597 ;Antirreflexo;AR SH;Tratamento;-
